firstname;lastname
Ernest;Fowler
Stephanie;Turner
Phyllis;Torres
Keith;Ingram
Jacob;King
Yvonne;White
Gary;Williams
Jordan;Bryant
Russell;Turner
Angela;Romero
Gabrielle;Hobbs
John;Salas
Mary;Torres
Patricia;Garcia
Monica;Ball
Blake;Aguilar
Timothy;Rodriguez
Dustin;Dean
Robert;Gallegos
Joshua;Mcdonald
Larry;Scott
Timothy;Walker
Victor;Jackson
William;Holt
Natalie;Fox
Debbie;Taylor
Julia;Holmes
Kelly;Austin
Melissa;Parker
Kevin;Adams
Amber;Moore
Jade;Brady
Bailey;Davenport
Kevin;Davis
Christian;Dickerson
Mary;Escobar
Kimberly;Ross
Daniel;Larson
Charles;Thompson
Jessica;Barnett
Kristen;Meadows
Amanda;Stewart
Christopher;Thomas
Dana;Taylor
Caitlin;Turner
Angela;Miranda
Samantha;Jefferson
Paul;Henry
Michael;Smith
Connie;Acevedo
Paige;Baker
Ian;Vargas
Scott;Bowen
Erik;Webb
Christine;Lewis
Jeffery;Floyd
Alexander;Mckee
Steven;Taylor
Jessica;Porter
Nathan;Pacheco
Shannon;Berry
Brittany;Walker
Brittany;Cruz
Brandon;Owens
Jesse;Weeks
Gavin;King
Theresa;Walker
Denise;Robertson
James;Hammond
Valerie;Davidson
Aaron;Stephens
Kathy;Luna
Michael;James
Bridget;Wells
Xavier;Hampton
Jordan;Ward
Alexandria;Kane
Frank;Stein
Anthony;Taylor
Michael;Aguilar
Cheryl;Johnson
James;Edwards
Travis;Harris
Brandon;Johnson
Kimberly;Wright
Norma;Walters
Martin;Green
Mackenzie;Koch
Mario;Chandler
Jonathan;Anderson
Christopher;Owen
Michael;Park
Brian;Mckee
Lori;Randall
Jacob;Diaz
Crystal;Todd
Jody;Davis
Jennifer;Martinez
Christine;Mccoy
Michelle;Rich
Jennifer;Poole
Deborah;Martinez
Valerie;Cohen
Kevin;Warren
Justin;Weber
Richard;Carter
Scott;Bell
Dennis;Singleton
Brian;Evans
Shelley;Smith
Brooke;Henry
Allison;Lucas
Jared;Anderson
Sara;Castro
James;Flores
Tara;Pearson
Brandon;Bolton
Michael;Harris
Nathan;Gutierrez
Christopher;Arnold
Elizabeth;Anderson
Samantha;Lawrence
Ryan;Johnston
Stephanie;Lopez
Brenda;Burns
Shannon;Richardson
Jonathan;Hernandez
Cynthia;Patterson
Annette;Martinez
Scott;Jones
Vernon;Shaw
Scott;Johnson
Adam;Romero
Kristopher;Conner
Angelica;Meyer
Kimberly;Rice
Stacey;Brooks
Richard;Davis
Joseph;Gomez
Steven;Williams
Christopher;Rivera
Scott;Cortez
Brittany;Cherry
Emily;Mcdowell
Karla;Carter
Stephanie;Schroeder
Brittany;Freeman
Daniel;Howard
Mario;Williams
James;Reyes
Michael;Johnson
Darryl;Patterson
Daniel;Pineda
Madeline;Dixon
Angel;Hall
Benjamin;Horton
Jeffrey;Griffin
Mark;Reed
Robert;Miller
Kara;Woodard
Connie;Rodriguez
Angelica;Velasquez
Ryan;Ruiz
Randy;Ramirez
Mark;Mcconnell
Rachel;Williams
Holly;Mitchell
Anthony;Henry
Ryan;Morales
Anthony;Lucas
Alex;King
Kerry;Jenkins
Brittany;Stewart
Marcus;Kelly
Michael;Barnett
Gary;Fleming
Donald;Benson
David;Calderon
Cassandra;Burns
Felicia;Wallace
Daniel;Flynn
Angela;Hill
Ryan;Thompson
Rhonda;Smith
Cody;Cardenas
Derek;Thomas
Theresa;Goodwin
Steven;Garcia
Anthony;Hernandez
Stephanie;Hansen
Luke;Calderon
Audrey;Morgan
Michaela;Rice
Steven;Jenkins
Brian;Jenkins
Michelle;Frederick
Daniel;Lopez
Tiffany;Brown
John;Harris
Helen;Mitchell
Shannon;Ryan
Erika;Rodriguez
Joshua;Hernandez
Michael;Cameron
Jessica;Tyler
Scott;Moore
Michelle;Kelley
Sean;Griffin
Jessica;Dillon
Monica;Carson
Steven;Hicks
Joshua;Contreras
Robin;Williams
Monique;Buchanan
Timothy;Rice
David;Taylor
Zachary;Chavez
Ian;Compton
Richard;Jackson
Ricky;Davidson
Joy;Gonzalez
Nicholas;Velazquez
John;Johnson
Sarah;Matthews
David;Brown
Ashley;Reynolds
Erica;Harris
Tracy;Gonzalez
Leslie;Johnson
Daniel;Carey
Carly;Walker
Dillon;Cochran
Michael;Torres
Brian;Richardson
Justin;Pruitt
Matthew;House
Raymond;Anderson
Kristina;Pratt
Henry;Garcia
Thomas;Robinson
Roger;Clark
Jamie;Adams
Tiffany;Gonzalez
Justin;Garcia
Cynthia;Casey
Amanda;Wright
Amanda;Watson
Melanie;Vance
Dorothy;Johnson
Jessica;Garcia
Kevin;Ellis
Mary;Graham
Luis;Gates
Lori;Leach
Andrea;Martin
Marvin;Strickland
Matthew;Cruz
Raymond;Johnson
Connie;Villa
Leslie;Carroll
Samantha;Berry
Jennifer;Shaw
Michael;Carpenter
Kristina;Harper
Claudia;Harris
Eric;Hodge
Gregory;Smith
Sarah;Brennan
Larry;Blackburn
Nathan;Golden
Michael;Vincent
Julian;Mitchell
Amanda;Payne
Taylor;Thomas
Kelly;Blake
Stephanie;Thompson
Julie;Baker
Marc;Sims
Lauren;Brown
Terrence;Moore
Daniel;Smith
Brian;Gonzalez
Gary;Cruz
Michael;Ashley
Maria;Russell
Stephen;Bell
Travis;Mann
Patricia;Flores
Sara;Drake
Heidi;Reyes
Kevin;Smith
Katherine;French
Kimberly;Brown
Scott;Oliver
Colleen;Farrell
Nancy;Wilkins
James;Foster
Paul;Garcia
Garrett;Burgess
Emily;Hines
Angela;Taylor
Nathan;Wong
Timothy;Lawson
Peter;Nelson
Vanessa;Gaines
Katherine;Murray
Katrina;Ortiz
Tracey;Nolan
Justin;Forbes
Stephanie;Morrow
Michael;Gordon
Robert;Garza
Elizabeth;Taylor
Thomas;Cuevas
Caitlin;Howard
Michelle;Hunt
Kelsey;Ward
Lisa;Lutz
Debra;Mcmahon
Jessica;Thomas
Brittney;Peters
Rebecca;Campbell
Travis;Garcia
Michael;Franklin
Nicholas;Gibbs
April;Gordon
Wendy;Jenkins
Nicole;Morgan
Jessica;Ferrell
Adam;Bean
Jason;Martin
Diane;Hansen
Alexander;Mann
Daniel;Warren
Katie;Martin
Jaclyn;King
Michele;Rivera
Tony;Garner
Kristin;Saunders
Christopher;Miller
Jeffrey;Phillips
Michael;Smith
Carl;Cruz
Sandra;Luna
Kimberly;Gillespie
Crystal;Hansen
Kimberly;Hughes
Joshua;Hodges
Seth;Castro
Jay;Serrano
Juan;Dorsey
Natalie;Hill
Leah;Benson
Ryan;Washington
Timothy;Houston
Traci;Parker
Kelly;Rodriguez
Rachel;Jackson
Anthony;Perkins
Leslie;Bell
Paul;Vance
Kristina;Gay
Stephanie;Hill
Charles;Delgado
Sherry;Tran
Stephanie;Reid
Sara;Rodriguez
Jeffrey;Brown
Molly;Wilson
Juan;Brown
Jordan;Harper
Danny;Kennedy
Rebecca;Meyers
Jeffrey;Cabrera
Anthony;Thomas
Adam;Roberts
Charles;Green
Diane;Jones
Beverly;Walker
Brandon;Green
Barbara;Harris
Angela;Smith
Madison;Mckinney
Rachel;Martin
David;Bell
Mike;Mendez
Ana;Shaw
Karen;Marshall
Roberta;Goodwin
Matthew;Rivera
Dennis;Martinez
Raymond;Alexander
David;Garcia
Timothy;Todd
David;Henderson
Ashley;Gonzalez
Gary;Boyle
Frank;Jones
Kristin;Stewart
Hannah;Jensen
Susan;Merritt
Austin;Fleming
Randy;Thompson
Brian;Merritt
Stephen;Powell
Jerry;Briggs
Margaret;Wiley
Michelle;Tanner
Christopher;Shaffer
Dean;Smith
Timothy;Henry
Brandi;Davis
Charles;Branch
Robert;Jensen
Dawn;Underwood
Gary;Reeves
Kimberly;Singh
Eric;Castillo
Bailey;George
Jessica;Salinas
Kevin;Lewis
Matthew;Farley
Casey;Diaz
Charles;Butler
William;Blevins
Shawn;Hoover
Stephanie;Branch
Joseph;Harding
Kenneth;Livingston
Samantha;Yu
William;Livingston
Destiny;Schwartz
Taylor;Shah
Sara;Knight
Lee;Jones
Jason;Riddle
Brandy;Baker
Bryan;Vang
Dawn;Murphy
Scott;Jackson
Brian;Clark
Kevin;Hendricks
Michelle;Davis
Tracy;Walker
Renee;Gonzalez
Mark;Richmond
Larry;Jones
Jennifer;Butler
Kelly;Scott
Andrea;Anderson
Alexander;Johnson
Douglas;Barry
Jaime;Sims
James;Murphy
Kerri;Walton
Sandra;Martin
Carla;Stewart
Andrea;Holmes
Lorraine;Keller
Amanda;Maxwell
Brianna;Boone
Ryan;Snyder
Jennifer;Taylor
Rodney;Roberts
Lynn;Hodge
Gina;Hernandez
Heather;Mejia
Arthur;Fischer
John;Douglas
Sarah;Ramirez
Connie;Brennan
Rodney;Hernandez
Jerome;Brown
Jennifer;Fowler
Mary;Rogers
Alexis;Harris
Summer;Hood
Melissa;White
James;West
Adam;Walters
Joshua;Fletcher
Jennifer;Rowe
Michelle;Henderson
Michael;Powell
Andrea;Rodriguez
Mario;Smith
Frederick;Baker
Jennifer;Freeman
Christy;Clark
Linda;Farmer
Frank;Smith
Danielle;Clark
Victoria;Smith
Colleen;Evans
Carol;Oliver
Katie;Esparza
Patty;Nelson
Justin;Whitaker
Paul;Hampton
Amy;Juarez
Nathan;Edwards
Philip;Reyes
Kyle;Newton
Jennifer;Rodriguez
Samuel;Mcneil
Nancy;Hawkins
William;Jones
Joy;Henry
Dennis;Kelly
Madison;Perez
Robert;Reid
Brenda;Miller
Katherine;Patel
Robert;Romero
Chad;Mcdowell
Nicholas;Robbins
Andrea;Serrano
Christina;Hall
Sheila;Chapman
Walter;Montgomery
Valerie;Rodriguez
Jerry;White
Kelli;Burke
Jamie;Camacho
Craig;Chambers
Holly;Olson
Timothy;Lawson
Russell;Harrison
Monica;Paul
Daniel;Johnson
Dawn;Wilson
Elizabeth;Gonzalez
Amy;Williams
Caleb;Bauer
Alexander;White
Joshua;Brown
Jacqueline;Perkins
Matthew;Washington
Christopher;Gonzalez
Kayla;Jacobs
Kathleen;Brooks
Brandi;Smith
Nicole;Mann
Douglas;Greer
Erin;Anderson
Michelle;Baker
Kelly;Bruce
Kimberly;Suarez
Tyler;Brown
Kristy;Gibson
Jason;Roberts
James;Williams
Spencer;Ortiz
Gina;Baker
Richard;Morris
Heather;Gilbert
Kevin;Collins
Shelby;Hernandez
Henry;Mendoza
Bradley;Carter
Frances;Rodriguez
Sharon;Frazier
Taylor;Guerrero
Billy;Munoz
Charles;Robinson
Mary;Stout
Barbara;Nguyen
Jane;King
Michael;Torres
Jessica;Ramsey
Douglas;King
Robert;Gonzales
Katherine;Carroll
Kathleen;Kim
Lori;Myers
Carlos;Brock
Amanda;Olson
Jessica;Spencer
Teresa;Simmons
Jeremy;Henderson
Susan;Anderson
Eric;Smith
Katie;Harrison
Richard;Bauer
Derek;Conley
Keith;Miller
Joseph;Smith
John;Bond
Miguel;Cervantes
Vanessa;Velasquez
Jeffery;Brown
Donald;Ross
Brittney;Armstrong
Kathleen;Black
Timothy;Thomas
Michele;Murphy
Kelly;Walter
Ashley;Lewis
Raymond;Roberts
Steven;Salazar
Stacey;Perry
Joanne;Johnson
Mary;Bruce
Jesus;Hernandez
Joanne;Gray
Donna;Davis
Andrew;Smith
Matthew;Johnson
Michael;Tucker
Ashley;Valdez
Gregory;Ali
Natalie;Greene
Casey;Melton
Brett;Rodriguez
Charles;Wall
Evan;Rodriguez
Jennifer;Rose
Jessica;Smith
Yvette;Roberson
Christopher;Harrison
Shelly;Goodwin
Jack;Meza
Deborah;Silva
Michael;Fowler
Kelly;Johnson
Katelyn;Rocha
Brett;Farmer
Angela;Lynch
Denise;Thomas
Ian;Ballard
Deborah;Johnston
Ronald;Morris
Ashley;Campbell
Amy;Hull
Spencer;Newton
Sherry;Woods
John;Dodson
Joel;Martinez
Kelly;Hays
John;Escobar
Phillip;Richardson
Nathaniel;Johnson
Jennifer;Lam
Jessica;Perry
Victor;Edwards
Michelle;Berger
Nichole;Evans
Erin;Chen
Amy;Cooper
Gregory;Rangel
Trevor;Ortiz
Keith;Hubbard
Manuel;Hayden
Donna;Mendoza
Tyler;Hancock
David;Brock
Christina;Bates
Carol;Graves
Patrick;Spencer
Jennifer;Willis
Nathaniel;Ewing
Alicia;Griffith
Emily;Peterson
Amanda;Pierce
Carolyn;Johnston
Michelle;Farmer
Aaron;Bailey
Philip;Morgan
Kevin;Allison
Kristine;Tran
Kristina;Chavez
Amy;Gill
Julia;Lee
Bruce;Brewer
Andrea;Smith
Donna;Stanley
Theresa;King
Lisa;Payne
Thomas;Jackson
Tammy;Savage
James;Wade
Corey;Strong
Melinda;Weber
Chad;Hall
David;Smith
Jessica;Suarez
Alyssa;Rich
David;Smith
Cynthia;Vargas
Thomas;Thompson
Jacqueline;Lynn
Jacqueline;Wall
Arthur;Wise
Reginald;Garcia
David;Strong
Jose;Livingston
Kelly;Golden
James;Bell
Erika;Ortiz
Francisco;Armstrong
Francisco;Santos
Jessica;Clark
Gina;Kim
Kaitlin;Washington
Elizabeth;Lewis
Jenna;Jensen
Nancy;Werner
Scott;Duncan
Madison;Hoffman
Lance;Acosta
Mary;Mora
Tammy;Mckinney
Amy;Campbell
Michael;Bennett
Jessica;Williams
James;Farmer
Ryan;Mueller
Brendan;Hill
Holly;Bowen
Rachel;Lane
Patrick;Richardson
Cheryl;Bauer
Christopher;Webster
David;Cooper
Matthew;Henry
Steven;Salinas
Catherine;Calderon
Kenneth;Butler
Samuel;Bautista
Sarah;Huynh
Brianna;Perez
Steven;Sutton
Matthew;Phelps
Chad;Cardenas
Emma;Wright
Stephanie;Moss
Chelsea;Mathis
Jennifer;Johnson
Casey;Morales
Tracy;Villa
Amy;Roberts
Tiffany;Lawson
Stacey;Turner
Cheryl;Ferguson
Anne;Harris
Erin;Jones
William;Oneill
Jonathan;Morales
Maria;Williams
Patricia;Owens
Brooke;Campbell
Katherine;Price
Jose;Collins
James;Klein
Ashley;Fox
Kathleen;Perkins
Nicholas;Pena
William;Brooks
Zachary;Schmidt
John;Barker
Eric;Cobb
Jeffrey;Murphy
Colin;Hill
Elijah;Foster
Scott;Matthews
Keith;Sims
John;Williams
Jennifer;Stewart
Jennifer;Lambert
Rose;Wagner
Laura;Hardin
Adam;Doyle
Deborah;Rubio
Alexandria;Gallagher
Alexa;Jackson
Dakota;Lawrence
Erik;Smith
Morgan;Perry
Kathryn;Patel
Craig;King
James;Webb
Dennis;Daniels
James;Carr
Jonathan;Stewart
Bryan;Good
Michael;Peters
Travis;Johnson
Ann;Mathews
Joseph;Cameron
Samantha;Jimenez
Melissa;Parker
Sabrina;Hudson
William;Pope
Brittany;Henry
Taylor;Heath
Amber;Richards
Tiffany;Huber
Christopher;Perez
Ryan;Roberson
Shawn;Perkins
Stephanie;Parker
Nathan;Boyd
James;Gutierrez
Deanna;Bauer
Stephanie;Anthony
Cheryl;Weber
Robert;Irwin
Harry;Edwards
Kristen;Duncan
Douglas;Benson
Stacy;Castro
Natalie;Cervantes
Angela;Rodriguez
Christine;Harrison
Adam;Bradshaw
Mark;Johnson
Heather;Howard
Rita;Woods
Juan;Williams
Melissa;Gardner
Frank;Greer
Emma;Wagner
Stephanie;Lopez
Hector;Garcia
Amanda;Mendez
Shannon;Hart
Dillon;Berry
Ernest;Lewis
Joan;Cherry
Michael;Hampton
Mckenzie;Carr
Cindy;Salazar
Patrick;Charles
Chad;Bowman
Samantha;Cantrell
Jason;Boone
Jasmine;Kim
Christopher;Glover
Julia;Russell
Destiny;Travis
Vanessa;Romero
Daniel;Mccoy
Lisa;Jackson
Christopher;Cardenas
Daniel;Cook
Julie;Dunn
Clifford;Wilson
Terri;Woods
Scott;Luna
Katie;Green
Rebecca;Baker
Stephen;Jensen
Charlene;Fletcher
Aaron;Riddle
Benjamin;Estrada
Mary;Weaver
Cristina;Rodriguez
Nancy;James
Cindy;Rangel
Scott;Watts
Jessica;Duke
Terry;Bennett
Melissa;Martinez
Karen;Williams
Tammy;Perkins
Amanda;Blackwell
Jennifer;Johns
Kenneth;Browning
Julia;Perez
Bailey;Carroll
Rachael;Abbott
Danielle;Henderson
Bonnie;Simmons
Mark;Lewis
Kevin;Schultz
John;Jenkins
Samantha;Lucas
Michael;Mendoza
Michael;Mason
Todd;Bishop
Susan;Watson
Jennifer;Rivera
Brian;Ortega
Lori;Lawrence
Gloria;Barr
James;Weaver
Tyler;Gomez
Alexandra;Rodriguez
Gregory;Mann
Jason;Kelley
Ashley;Ibarra
Debra;Francis
Monica;Reid
James;Robertson
Katherine;Schneider
Nicole;Stevens
Richard;Wilcox
Kaitlin;Howard
Sharon;Miller
Jose;Anderson
Erik;Martinez
Mallory;Bauer
William;Russell
Thomas;Sharp
Christopher;Young
Timothy;King
Jeremy;House
Jerry;Stone
Miguel;Gibson
Duane;Mills
Hailey;Brewer
Wendy;Nelson
Joshua;Charles
Gregory;Hanson
Steven;Vasquez
Gloria;Carpenter
Charles;Mata
Barbara;Thompson
Robert;Ramos
Jessica;Mills
Ronald;Evans
Nicholas;Mason
Monica;Ali
Jennifer;Gillespie
Eric;Shepard
Carol;Sanchez
Aaron;Villanueva
Nicholas;Thompson
Tamara;Kim
Ashley;Jenkins
Shawn;Ramirez
Thomas;Peters
Ashley;Baker
Christopher;Davis
Dylan;Rodriguez
Cheryl;Watson
John;Carson
Karen;Kerr
Tina;Taylor
Elizabeth;Rice
Mary;Payne
Gina;Lee
Rebecca;Kerr
Ashley;Guzman
Susan;Elliott
Brandon;Armstrong
Crystal;Foley
Larry;Mcdaniel
Jamie;Hubbard
Abigail;Ayala
John;Cooke
Regina;Lee
Jessica;Phillips
Sarah;Mcintyre
Edward;Zhang
Gregory;Watson
Jessica;Moss
Susan;Hunter
Dustin;Young
Erica;Hodges
Stephen;Smith
Paul;Wood
Hunter;Reed
Nathan;King
Zachary;Mcdonald
Kristi;Morris
Fred;Crosby
Richard;Gibbs
Ryan;Smith
Amanda;Ramos
Jessica;Smith
Brianna;Mason
Gloria;Lee
Debbie;Tucker
Craig;Clark
Patrick;Frank
James;Bishop
Nichole;Anderson
Erica;Stephens
James;Duncan
Danielle;West
Jennifer;Macias
Richard;Patterson
Jamie;Warner
Mary;Mathis
Evan;Alexander
Amanda;Burton
Mary;Mitchell
Heather;Mckee
Joseph;Caldwell
Lindsey;Martin
Sharon;Brown
Joseph;Cohen
Kenneth;Harris
Stacy;Allen
Holly;Riley
Taylor;Richardson
Robert;Choi
Maria;Davenport
Charles;Short
